日付,コンテンツ,動画のタイトル,動画公開時刻,長さ,視聴回数
2026-07-05,0QMhezmENcQ,胸のレントゲン、肺だけ見ていると思っていませんか？#レントゲン #胸部レントゲン #胸部X線 #診療放射線技師 #放射線検査 #医療知識 #検査の疑問 #健康診断 #心臓 #肺 #CT #医療系リール,"Jul 7, 2026",53,0
2026-07-06,0QMhezmENcQ,胸のレントゲン、肺だけ見ていると思っていませんか？#レントゲン #胸部レントゲン #胸部X線 #診療放射線技師 #放射線検査 #医療知識 #検査の疑問 #健康診断 #心臓 #肺 #CT #医療系リール,"Jul 7, 2026",53,0
2026-07-07,0QMhezmENcQ,胸のレントゲン、肺だけ見ていると思っていませんか？#レントゲン #胸部レントゲン #胸部X線 #診療放射線技師 #放射線検査 #医療知識 #検査の疑問 #健康診断 #心臓 #肺 #CT #医療系リール,"Jul 7, 2026",53,743
2026-07-08,0QMhezmENcQ,胸のレントゲン、肺だけ見ていると思っていませんか？#レントゲン #胸部レントゲン #胸部X線 #診療放射線技師 #放射線検査 #医療知識 #検査の疑問 #健康診断 #心臓 #肺 #CT #医療系リール,"Jul 7, 2026",53,3
2026-07-09,0QMhezmENcQ,胸のレントゲン、肺だけ見ていると思っていませんか？#レントゲン #胸部レントゲン #胸部X線 #診療放射線技師 #放射線検査 #医療知識 #検査の疑問 #健康診断 #心臓 #肺 #CT #医療系リール,"Jul 7, 2026",53,2
2026-07-10,0QMhezmENcQ,胸のレントゲン、肺だけ見ていると思っていませんか？#レントゲン #胸部レントゲン #胸部X線 #診療放射線技師 #放射線検査 #医療知識 #検査の疑問 #健康診断 #心臓 #肺 #CT #医療系リール,"Jul 7, 2026",53,8
2026-07-11,0QMhezmENcQ,胸のレントゲン、肺だけ見ていると思っていませんか？#レントゲン #胸部レントゲン #胸部X線 #診療放射線技師 #放射線検査 #医療知識 #検査の疑問 #健康診断 #心臓 #肺 #CT #医療系リール,"Jul 7, 2026",53,3
2026-07-05,Xslt2TVY6Dc,抱っこしたまま検査に付き添っても大丈夫？#レントゲン #小児検査 #子どもの検査 #付き添い検査 #医療情報 #診療放射線技師 #検査の不安 #子育て #育児 #病院付き添い,"Jul 9, 2026",55,0
2026-07-06,Xslt2TVY6Dc,抱っこしたまま検査に付き添っても大丈夫？#レントゲン #小児検査 #子どもの検査 #付き添い検査 #医療情報 #診療放射線技師 #検査の不安 #子育て #育児 #病院付き添い,"Jul 9, 2026",55,0
2026-07-07,Xslt2TVY6Dc,抱っこしたまま検査に付き添っても大丈夫？#レントゲン #小児検査 #子どもの検査 #付き添い検査 #医療情報 #診療放射線技師 #検査の不安 #子育て #育児 #病院付き添い,"Jul 9, 2026",55,0
2026-07-08,Xslt2TVY6Dc,抱っこしたまま検査に付き添っても大丈夫？#レントゲン #小児検査 #子どもの検査 #付き添い検査 #医療情報 #診療放射線技師 #検査の不安 #子育て #育児 #病院付き添い,"Jul 9, 2026",55,0
2026-07-09,Xslt2TVY6Dc,抱っこしたまま検査に付き添っても大丈夫？#レントゲン #小児検査 #子どもの検査 #付き添い検査 #医療情報 #診療放射線技師 #検査の不安 #子育て #育児 #病院付き添い,"Jul 9, 2026",55,662
2026-07-10,Xslt2TVY6Dc,抱っこしたまま検査に付き添っても大丈夫？#レントゲン #小児検査 #子どもの検査 #付き添い検査 #医療情報 #診療放射線技師 #検査の不安 #子育て #育児 #病院付き添い,"Jul 9, 2026",55,4
2026-07-11,Xslt2TVY6Dc,抱っこしたまま検査に付き添っても大丈夫？#レントゲン #小児検査 #子どもの検査 #付き添い検査 #医療情報 #診療放射線技師 #検査の不安 #子育て #育児 #病院付き添い,"Jul 9, 2026",55,0
2026-07-05,nDDM0kBf-T4,動いてしまう子どもの検査、実際どうしてるの？#子どもの検査 #小児検査 #レントゲン #CT検査 #MRI検査 #検査の不安 #病院 #子育て #育児 #診療放射線技師 #医療 #医療従事者,"Jul 11, 2026",54,0
2026-07-06,nDDM0kBf-T4,動いてしまう子どもの検査、実際どうしてるの？#子どもの検査 #小児検査 #レントゲン #CT検査 #MRI検査 #検査の不安 #病院 #子育て #育児 #診療放射線技師 #医療 #医療従事者,"Jul 11, 2026",54,0
2026-07-07,nDDM0kBf-T4,動いてしまう子どもの検査、実際どうしてるの？#子どもの検査 #小児検査 #レントゲン #CT検査 #MRI検査 #検査の不安 #病院 #子育て #育児 #診療放射線技師 #医療 #医療従事者,"Jul 11, 2026",54,0
2026-07-08,nDDM0kBf-T4,動いてしまう子どもの検査、実際どうしてるの？#子どもの検査 #小児検査 #レントゲン #CT検査 #MRI検査 #検査の不安 #病院 #子育て #育児 #診療放射線技師 #医療 #医療従事者,"Jul 11, 2026",54,0
2026-07-09,nDDM0kBf-T4,動いてしまう子どもの検査、実際どうしてるの？#子どもの検査 #小児検査 #レントゲン #CT検査 #MRI検査 #検査の不安 #病院 #子育て #育児 #診療放射線技師 #医療 #医療従事者,"Jul 11, 2026",54,0
2026-07-10,nDDM0kBf-T4,動いてしまう子どもの検査、実際どうしてるの？#子どもの検査 #小児検査 #レントゲン #CT検査 #MRI検査 #検査の不安 #病院 #子育て #育児 #診療放射線技師 #医療 #医療従事者,"Jul 11, 2026",54,0
2026-07-11,nDDM0kBf-T4,動いてしまう子どもの検査、実際どうしてるの？#子どもの検査 #小児検査 #レントゲン #CT検査 #MRI検査 #検査の不安 #病院 #子育て #育児 #診療放射線技師 #医療 #医療従事者,"Jul 11, 2026",54,713
2026-07-05,vmSq6QQOkLo,泣いている子、無理やり撮影するの？#診療放射線技師 #レントゲン #小児レントゲン #子どもの検査 #病院付き添い #検査の不安 #医療の豆知識 #子育てママ #子育てパパ #育児の不安 #保存推奨,"Jul 10, 2026",54,0
2026-07-06,vmSq6QQOkLo,泣いている子、無理やり撮影するの？#診療放射線技師 #レントゲン #小児レントゲン #子どもの検査 #病院付き添い #検査の不安 #医療の豆知識 #子育てママ #子育てパパ #育児の不安 #保存推奨,"Jul 10, 2026",54,0
2026-07-07,vmSq6QQOkLo,泣いている子、無理やり撮影するの？#診療放射線技師 #レントゲン #小児レントゲン #子どもの検査 #病院付き添い #検査の不安 #医療の豆知識 #子育てママ #子育てパパ #育児の不安 #保存推奨,"Jul 10, 2026",54,0
2026-07-08,vmSq6QQOkLo,泣いている子、無理やり撮影するの？#診療放射線技師 #レントゲン #小児レントゲン #子どもの検査 #病院付き添い #検査の不安 #医療の豆知識 #子育てママ #子育てパパ #育児の不安 #保存推奨,"Jul 10, 2026",54,0
2026-07-09,vmSq6QQOkLo,泣いている子、無理やり撮影するの？#診療放射線技師 #レントゲン #小児レントゲン #子どもの検査 #病院付き添い #検査の不安 #医療の豆知識 #子育てママ #子育てパパ #育児の不安 #保存推奨,"Jul 10, 2026",54,0
2026-07-10,vmSq6QQOkLo,泣いている子、無理やり撮影するの？#診療放射線技師 #レントゲン #小児レントゲン #子どもの検査 #病院付き添い #検査の不安 #医療の豆知識 #子育てママ #子育てパパ #育児の不安 #保存推奨,"Jul 10, 2026",54,563
2026-07-11,vmSq6QQOkLo,泣いている子、無理やり撮影するの？#診療放射線技師 #レントゲン #小児レントゲン #子どもの検査 #病院付き添い #検査の不安 #医療の豆知識 #子育てママ #子育てパパ #育児の不安 #保存推奨,"Jul 10, 2026",54,116
2026-07-05,yCoseKNslvc,検査中に動いてしまった、大丈夫？#レントゲン #CT検査 #放射線検査 #検査前の不安 #医療知識 #病院あるある #患者さんへ #診療放射線技師 #検査の疑問 #健康診断,"Jul 8, 2026",53,0
2026-07-06,yCoseKNslvc,検査中に動いてしまった、大丈夫？#レントゲン #CT検査 #放射線検査 #検査前の不安 #医療知識 #病院あるある #患者さんへ #診療放射線技師 #検査の疑問 #健康診断,"Jul 8, 2026",53,0
2026-07-07,yCoseKNslvc,検査中に動いてしまった、大丈夫？#レントゲン #CT検査 #放射線検査 #検査前の不安 #医療知識 #病院あるある #患者さんへ #診療放射線技師 #検査の疑問 #健康診断,"Jul 8, 2026",53,0
2026-07-08,yCoseKNslvc,検査中に動いてしまった、大丈夫？#レントゲン #CT検査 #放射線検査 #検査前の不安 #医療知識 #病院あるある #患者さんへ #診療放射線技師 #検査の疑問 #健康診断,"Jul 8, 2026",53,662
2026-07-09,yCoseKNslvc,検査中に動いてしまった、大丈夫？#レントゲン #CT検査 #放射線検査 #検査前の不安 #医療知識 #病院あるある #患者さんへ #診療放射線技師 #検査の疑問 #健康診断,"Jul 8, 2026",53,9
2026-07-10,yCoseKNslvc,検査中に動いてしまった、大丈夫？#レントゲン #CT検査 #放射線検査 #検査前の不安 #医療知識 #病院あるある #患者さんへ #診療放射線技師 #検査の疑問 #健康診断,"Jul 8, 2026",53,2
2026-07-11,yCoseKNslvc,検査中に動いてしまった、大丈夫？#レントゲン #CT検査 #放射線検査 #検査前の不安 #医療知識 #病院あるある #患者さんへ #診療放射線技師 #検査の疑問 #健康診断,"Jul 8, 2026",53,6
